competitor,category,evidence_count,strong_user_evidence_count,top_painpoints,top_competitor_gaps,payment_signals,platforms,source_types,threat_level,threat_reason,pawroom_opportunity,official_url,representative_evidence_ids,representative_quotes
Furbo,宠物摄像头/远程互动,9,6,监控隐私压力(9)；愿意为内容/情绪价值付费(4)；老年宠/幼宠担忧(1)；愿意为硬件付费(1)；续航连接问题(1),视频监控隐私和打扰压力(9)；订阅或价格敏感(1)；数据表达偏工具化(1),not_observed(6)；愿意为内容/情绪价值付费(4)；愿意为硬件付费(1),App Store(6)；WIRED(3),app_review(6)；expert_review(3),高,宠物摄像头、叫声提醒、远程互动和订阅模式已经成熟。,以“不必一直看视频”为差异，把监控压力转化为桌面小世界和摘要式状态提醒。,https://furbo.com/,EV-86B66CD4DB；EV-21E8263524；EV-5341DD97E6,"EV-86B66CD4DB: Love my Furbo Mar 6 Wytaymich I have had my Furbo now for about three months and I love it! Camera quality is great, ability to talk to my dog or give a treat while I’m away from... | EV-21E8263524: Easy and user friendly for pet owners Apr 15 Kayc8083 I love this app that pairs with my Furbo Mini 360. I can watch my 2 dogs and 1 cat all day with live updates. I know when the... | EV-5341DD97E6: Best Ever! 🥰 May 23 Human 202 I downloaded Furbo to keep an eye on my pets and I absolutely love it! It has labels for the video clips (hence when your pet is eating or playing) a..."
11pets,宠物档案/养护记录,6,6,愿意为内容/情绪价值付费(2)；愿意为硬件付费(2)；生命状态趋势需求(1),待人工复核(4)；数据表达偏工具化(1)；订阅或价格敏感(1),not_observed(5)；愿意为内容/情绪价值付费(2)；愿意为硬件付费(2),App Store(6),app_review(6),低,偏记录、提醒和档案管理，证明基础养护记录是已存在需求。,PawRoom 不做单纯记录，需用实时/准实时状态和互动演绎形成第二层存在感。,https://www.11pets.com/,EV-C7EDC7AB5F；EV-77E520FB96；EV-BEE44D70A0,"EV-C7EDC7AB5F: The Best App for Pet Care! 08/04/2020 ImperialIris I've tried a lot of pet care apps and this is the best. You can track everything you'd ever need. Food, water, grooming, medicat... | EV-77E520FB96: love it! +something i would wanna see 08/18/2022 mothiss This app is so helpful! Instead of trying to find physical copies of papers regarding of vaccinations or anything, I could... | EV-BEE44D70A0: Was Great, Until the Update 10/26/2023 Sarah ROSENCRANS Loved this app, and have had it for years. Following this latest “update” I began the process of offloading what data I can..."
Bark,宠物订阅电商/内容消费,6,6,愿意为内容/情绪价值付费(4)；愿意为硬件付费(4)；续航连接问题(1)；安全焦虑(1)；不想一直看监控(1),订阅或价格敏感(4)；待人工复核(2)；续航/充电负担(1),愿意为内容/情绪价值付费(4)；愿意为硬件付费(4)；present(4),App Store(6),app_review(6),中,宠物周边、订阅盒和情绪消费证明“为宠物买快乐”是强付费场景。,PawRoom 可把数字内容和实体周边打通，但早期先验证数字生成是否愿意持续使用。,https://www.bark.co/,EV-1C9E16EE3F；EV-25460C4536；EV-A7025742C9,"EV-1C9E16EE3F: For our three 09/08/2023 patheticfarmer Us personally, (we have three dogs in the house) bark box is worth it, I signed up for one of there deals and I paid a year in full( paying... | EV-25460C4536: Worth every penny 12/22/2023 Dude 12345678@ If you're thinking about getting BARK box, I recommend you do it. I was hesitant at first because I didn't know if my dogs would actual... | EV-A7025742C9: AMAZING 12/29/2021 mercedespd I have been a subscriber for barkbox for about 6 months and I absolutely love it. The themes of the monthly boxes are amazing and the super chewer to..."
Barkio,手机/电脑复用型宠物监控,6,6,不想一直看监控(4)；老年宠/幼宠担忧(3)；愿意为硬件付费(2)；安全焦虑(2)；监控隐私压力(2),待人工复核(4)；视频监控隐私和打扰压力(2)；订阅或价格敏感(1),not_observed(3)；present(3)；愿意为硬件付费(2),App Store(6),app_review(6),中,用现有设备做宠物监控，证明软件化监控有需求。,Barkio 偏监控工具，PawRoom 可用 AI 角色化和桌面小世界拉开体验差异。,https://barkio.com/,EV-AA477E8489；EV-704E3E50DB；EV-DC95A584EF,EV-AA477E8489: Wish there was a mute setting 03/16/2023 Duskwitch6 This is very convenient and useful except it doesn’t respect my phone’s mute and is pretty loud so I can’t check on my dog when... | EV-704E3E50DB: Love this!! 01/26/2021 Lesbennett Downloaded this app for our 3 month old puppy who has to stay crated every other week. It’s really helped my peace of mind knowing he is ok when... | EV-DC95A584EF: Backup is the best! 08/10/2023 grade2938472 Barkio is a great app for all dog owners who want to stay connected with their furry friends. I use Barkio to monitor my dog when I'm a...
Chewy,宠物电商/服务生态,6,6,愿意为硬件付费(2)；愿意为内容/情绪价值付费(2)；安全焦虑(1)；续航连接问题(1),待人工复核(4)；续航/充电负担(1)；订阅或价格敏感(1),not_observed(4)；愿意为硬件付费(2)；愿意为内容/情绪价值付费(2),App Store(6),app_review(6),中,电商和会员生态强，但不直接做桌面状态陪伴。,未来可承接用品推荐，但 MVP 不应被电商功能稀释。,https://www.chewy.com/,EV-34DEEDC24A；EV-826E87612D；EV-D6718A0E2C,"EV-34DEEDC24A: App works good and good customer service! Mar 28 KOSTRAL The app runs really well for me. I haven’t had any issues with it slowing down, freezing, or crashing, which is honestly r... | EV-826E87612D: Amazing customer support May 26 abbydahuman The customer service on this platform is just unmatched. Finding the chat option takes one second, I’m always immediately connected wit... | EV-D6718A0E2C: Costumer service Feb 11 tenzinwoah Omg there costumer service is unmatched!!! I usually never write reviews at all cause thats not really my stuff but for chewy I had to!! I order..."
Dogo,宠物训练/内容订阅,6,6,老年宠/幼宠担忧(4)；愿意为硬件付费(4)；生命状态趋势需求(2)；愿意为内容/情绪价值付费(1),待人工复核(3)；订阅或价格敏感(3),愿意为硬件付费(4)；not_observed(3)；present(3),App Store(6),app_review(6),中,训练内容、挑战和订阅证明宠物主人愿为持续内容服务付费。,用宠物分身、今日小剧场、表情包和桌宠互动做更高情绪价值的内容循环。,https://dogo.app/,EV-EDEB2FC0FE；EV-6E51518D40；EV-FF784DC565,"EV-EDEB2FC0FE: Way better than I expected 02/24/2025 Out of coins 🙍 I’ve tried so many dog training apps like woofz and puppr but none of them really worked for my puppy... Dogo is the first one... | EV-6E51518D40: Good roadmap for new puppy Apr 10 jreaves23 I’ve been using this app for my new 8 week old puppy. It’s been helpful in guiding where to start from before you pick up a pup to trai... | EV-FF784DC565: Great App excellent training tool Jan 20 Raincrc This app has made it very easy to train my 15 month old Shorkie. Bentley has picked up commands, tricks and tasks very quickly. I..."
FitBark,活动/睡眠/健康趋势追踪,6,6,设备不准(6)；生命状态趋势需求(3)；续航连接问题(1)；愿意为硬件付费(1),定位或提醒可信度不足(6)；续航/充电负担(1)；订阅或价格敏感(1),not_observed(4)；present(2)；愿意为硬件付费(1),App Store(6),app_review(6),高,用户证据显示活动、睡眠、健康分数能帮助发现宠物状态变化。,避免医疗诊断承诺，强调趋势提醒、异常变化提示和情绪化日常复盘。,https://www.fitbark.com/,EV-E22D230660；EV-9317BEC92A；EV-3286683195,"EV-E22D230660: A Game Changer for Chronic Illnesses 12/05/2022 Allyssa’s opinion In Early April of 2022, we got our Fitbark. Miss Molly, an 8 year old Dorkie(Yorkie-Dachshund mix) has had lots o... | EV-9317BEC92A: Love this Jun 2 Zoeyvonhugenstein It was straightforward to install, set up, and connect the device. I appreciate the feature that allows us to track activity, as it notifies me w... | EV-3286683195: All you need to keep track of your dog’s health Apr 27 MarielArgentina FitBark it’s simple amazing! Love the easy and intuitive interface and all the information they provide to h..."
Halo Collar,GPS围栏/安全边界,6,6,愿意为硬件付费(2)；设备不准(2)；安全焦虑(2)；愿意为内容/情绪价值付费(1)；不想一直看监控(1),待人工复核(4)；定位或提醒可信度不足(2)；订阅或价格敏感(1),not_observed(4)；愿意为硬件付费(2)；present(2),App Store(6),app_review(6),高,围栏、安全边界、离开区域提醒直接命中安全焦虑。,PawRoom 不进入训练/电刺激/围栏控制，而把安全事件变成更易接受的桌面状态提示。,https://www.halocollar.com/,EV-59607F4D2A；EV-E143521258；EV-B06793AA36,"EV-59607F4D2A: Halo 5 Dog Collar Jan 27 Gunner’s Buddy I have been using this Halo 5 collar on my Lab for 3 weeks now, it was so easy to set up, and has worked flawlessly. I do have many many pi... | EV-E143521258: Hoorah- finally Apr 24 JSinfoley After so many collars have failed us - weFinally found something that works. However, the collars are not very sturdy and both have already failed... | EV-B06793AA36: Working great for our GSP Jun 11 Toxichic We had to collar for a while and had not put it on, instead using a remote option. Not sure why we waited to use this thing, it works gre..."
Pet First Aid,宠物急救知识,6,6,愿意为硬件付费(3)；不想一直看监控(2)；生命状态趋势需求(1),待人工复核(6),not_observed(4)；愿意为硬件付费(3)；present(2),App Store(6),app_review(6),低,满足紧急知识查询，非持续桌面陪伴场景。,PawRoom 可在异常状态时引导就医/急救知识，但不替代专业医疗建议。,https://www.redcross.org/take-a-class/first-aid/cat-dog-first-aid,EV-ABDA2CF2F0；EV-4668CB11EC；EV-7479B4108C,"EV-ABDA2CF2F0: Great App! Easy to Use 02/05/2025 kwalters365 *Disclaimer this app is meant to help buy a little extra time in emergencies. It should not be used as a replacement to veterinarian... | EV-4668CB11EC: Amazing app! A must have!! 11/19/2014 AaronPapi In addition to the American Red Cross First Aid App, this one is equally as important. Very helpful and informative, while having a... | EV-7479B4108C: It's a treat! 04/28/2015 Callie_17 I am really enjoying this app. I appreciate how easy it is to toggle between Dog/Cat First Aid information and that there is an emergency sectio..."
Pet Monitor VIGI,手机/电脑复用型宠物监控,6,6,安全焦虑(4)；不想一直看监控(3)；监控隐私压力(3)；老年宠/幼宠担忧(2)；愿意为内容/情绪价值付费(2),待人工复核(3)；视频监控隐私和打扰压力(3),present(5)；愿意为内容/情绪价值付费(2)；愿意为硬件付费(2),App Store(6),app_review(6),中,移动设备监控和提醒能覆盖低成本宠物看护需求。,把提醒从视频监控延展到安全状态、活动轨迹和卡通化日程。,https://www.petmonitorapp.com/,EV-F5D9A89A24；EV-4B23B4218A；EV-EAD5FD8108,EV-F5D9A89A24: AMAZING APP AND CREATOR 06/01/2017 Shilohgun1 I bought this app a couple months ago and it is the best investment. Not only is the app wonderful but when I was having issues with... | EV-4B23B4218A: Life Changing 12/29/2018 Jmyslin We recently moved to Washington DC. Our poodle mix has severe separation anxiety and was having a difficult time adjusting. Each time we would lea... | EV-EAD5FD8108: Wonderful App! 07/16/2019 SandraKT One of our Bichon girls passed away after spending 13 years together. Now her sister has such extreme separation anxiety every time we need to g...
PetDesk,宠物医疗预约/服务管理,6,6,不想一直看监控(1)；生命状态趋势需求(1),待人工复核(6),not_observed(6),App Store(6),app_review(6),低,覆盖宠物医疗服务链路，与 PawRoom 的日常看护不同。,可作为就医提醒出口，而不是核心竞品。,https://petdesk.com/,EV-B26AAE4A76；EV-94D5BBEE60；EV-04F9D62963,"EV-B26AAE4A76: Wonderful Experiences Always May 18 Faith & Nelo The staff is extremely friendly, they understand my children (fur babies). They respond to calls right away, remember my babies &... | EV-94D5BBEE60: Nice, but needs a bit of coding help 04/20/2018 RagenS1 I like that you can schedule appointments and have an easy place to organize most of your pet’s information. There is a fai... | EV-04F9D62963: I love PetDesk! Apr 6 Evvy Ven Super handy app! I really appreciate the pet desk app, it’s a great place to have easy access to your dogs records. I love how you can set reminders..."
PetSmart,宠物零售/服务生态,6,6,愿意为硬件付费(2)；生命状态趋势需求(1)；不想一直看监控(1)；老年宠/幼宠担忧(1)；愿意为内容/情绪价值付费(1),待人工复核(6),present(5)；愿意为硬件付费(2)；not_observed(1),App Store(6),app_review(6),中,线下服务和零售强，但不是 PawRoom 的直接产品形态。,可作为服务转化渠道参考，非 MVP 重点。,https://www.petsmart.com/,EV-AAE024A7DF；EV-5B20552DFA；EV-E2D7974BAF,"EV-AAE024A7DF: Ease of online shopping Mar 10 Zoostock I love the option to online shop and drive up to pick up, especially as a disabled person with mobility issues. I can shop from home and ta... | EV-5B20552DFA: Works well for me Mar 22 Kato Toad I see a lot of reviews stating there are glitches in the app. I have used this app for over a year and have never had a problem. I’ve used it to... | EV-E2D7974BAF: Excellent customer service Apr 17 Lick my balls and go ahead I made a purchase yesterday. I’ve been purchasing with Petsmart for almost 5 months now since I got my puppy that’s ho..."
Petcube,宠物摄像头/远程互动,6,6,监控隐私压力(6)；愿意为硬件付费(3)；愿意为内容/情绪价值付费(3)；老年宠/幼宠担忧(2)；续航连接问题(2),视频监控隐私和打扰压力(6)；订阅或价格敏感(2)；续航/充电负担(1),present(4)；愿意为硬件付费(3)；愿意为内容/情绪价值付费(3),App Store(6),app_review(6),高,摄像头、双向音频、投喂等远程互动能力成熟。,PawRoom 应避开视频硬件正面竞争，主打非视频化、低干扰、游戏化状态呈现。,https://petcube.com/,EV-85B3EE4F92；EV-2FDC90ADD3；EV-F6E851762C,"EV-85B3EE4F92: Petcube Bites FTW 07/23/2018 Franceslynn I received my Petcube Bites device almost 2 weeks ago, and I am enjoying it a lot. I got it for my recently adopted senior Muttville dog (... | EV-2FDC90ADD3: App problems Jan 29 GE411 Bought cam to watch new puppy and the quality is amazing. My problem lies with the app. No matter how many times I set my preferences in the settings, th... | EV-F6E851762C: Borderline Unusable 08/02/2024 xEmpress_ I bought 3 cameras because the app was free and they were a good price but honestly this app is borderline unusable. I am rarely if ever a..."
Petlibro,智能喂食/饮水硬件,6,6,不想一直看监控(1)；愿意为内容/情绪价值付费(1)；监控隐私压力(1)；续航连接问题(1),待人工复核(5)；视频监控隐私和打扰压力(1),not_observed(6)；愿意为内容/情绪价值付费(1),App Store(6),app_review(6),中,智能硬件用户关注远程可控、稳定连接和日常照护。,与喂食硬件互补：把喂食/饮水事件也演绎进桌面小世界。,https://petlibro.com/,EV-FEA7846F83；EV-332205BB13；EV-2261DC2C8B,"EV-FEA7846F83: Pretty Good Overall Mar 27 SuburbanChunk I have a fountain and just bought my second feeder the one with the camera so obviously I think your products are great and work as they s... | EV-332205BB13: Functional but flawed Mar 27 Stuka Overall, the app works well enough. But there are two extremely annoying issues. The first is that only one person can be logged in at once. So... | EV-2261DC2C8B: Continuous Login Apr 28 Tmorris0221 App works great when it actually keeps me logged in. I constantly am having to login 2-3 times, just to feed my pet. I’ll login either using UN..."
Puppr,宠物训练/内容订阅,6,6,老年宠/幼宠担忧(5)；愿意为内容/情绪价值付费(3)；愿意为硬件付费(2)；监控隐私压力(1),订阅或价格敏感(4)；待人工复核(2)；视频监控隐私和打扰压力(1),present(4)；愿意为内容/情绪价值付费(3)；not_observed(2),App Store(6),app_review(6),中,用户愿为宠物内容、训练课程和订阅付费。,PawRoom 的内容付费应绑定真实宠物数据与个性化生成，而不是通用课程。,https://www.puppr.app/,EV-D8F76F6D25；EV-09D96431D9；EV-DE550E67DE,"EV-D8F76F6D25: So helpful 05/19/2022 puppy87644335 I am amazed. So I got this app about 2 or 3 years ago and all I can say is that it is amazing. For being a dog owner for the first time it’s ki... | EV-09D96431D9: It’s awesome! 07/30/2022 Megan_Cloudz I do truly love this app! But there are a few things that I don’t really like. People take copyrighted photos and post them, you can’t commen... | EV-DE550E67DE: Worth it! May 6 LibrarianMom22 I’m impressed with the clarity and organization of the lessons during the phases of puppy development. The videos and step-by-step explanations are..."
Rover,宠物看护/寄养服务,6,6,愿意为内容/情绪价值付费(1)；续航连接问题(1)；愿意为硬件付费(1),待人工复核(5)；续航/充电负担(1)；订阅或价格敏感(1),not_observed(5)；愿意为内容/情绪价值付费(1)；愿意为硬件付费(1),App Store(6),app_review(6),中,解决主人不在家时的照护问题，间接竞争用户安全焦虑预算。,PawRoom 做轻量日常看护，必要时可推荐线下看护服务。,https://www.rover.com/,EV-B6DB55E620；EV-DDE54AA59B；EV-702484490F,"EV-B6DB55E620: Quoted $1000+ before even seeing a sitter! Jan 12 Unskippable 30 second ads Was able to find care locally for about half the price and was able to set up a meet and greet with the... | EV-DDE54AA59B: Great, would like a tweak Feb 8 Rain is love I love this app! I’ve been using it on and off for years. My son moved back in with me and we are both working the same schedule in be... | EV-702484490F: Calendar feature needs improvement Jun 10 Finnyboifhducheb I have been using rover as a sitter for a few months now. I have really enjoyed everything about it other than the calen..."
SpotOn,GPS围栏/安全边界,6,6,设备不准(6)；安全焦虑(4)；续航连接问题(1)；愿意为硬件付费(1)；不想一直看监控(1),定位或提醒可信度不足(6)；续航/充电负担(1),not_observed(4)；present(2)；愿意为硬件付费(1),App Store(6),app_review(6),高,强安全场景和高客单硬件，证明用户愿为安全边界付费。,避开硬件围栏重资产；用第三方状态数据做轻量看护和工作场景提醒。,https://spotonfence.com/,EV-1F9B1B3706；EV-C6CA6B7401；EV-DC125C495D,"EV-1F9B1B3706: Unlimited fence size is practically no fence at all. 05/31/2024 Dan. The Man. Absolutely the most amazing collar. It has manual training mode to train your dog with tones or shock... | EV-C6CA6B7401: The LGD Owner’s BF 06/22/2025 Super-PowPow, Sara'd~becca This system is great. We have had it for over a year now and I have been able to let my dogs safely roam in their territor... | EV-DC125C495D: Saved our Golden Retriever 04/17/2025 Cheridar We moved to a property on 2 acres that wasn’t fully fenced and it’s on a very busy road with traffic going 45+ mph. We tried to trai..."
TrustedHousesitters,宠物寄养/看家服务,6,6,愿意为内容/情绪价值付费(3)；续航连接问题(1)；安全焦虑(1),待人工复核(5)；续航/充电负担(1),not_observed(5)；愿意为内容/情绪价值付费(3)；present(1),App Store(6),app_review(6),低,更偏旅行和长期离家场景，与上班期间轻量看护不同。,不是 MVP 主要竞品，可作为极端离家场景补充。,https://www.trustedhousesitters.com/,EV-2BAB6F657D；EV-9BFACB119D；EV-32BEDB7F57,EV-2BAB6F657D: Best idea since sliced bread Feb 13 Stellachella This is the best program out there in terms of an affordable way to travel and make sure our home and pets are lovingly cared for.... | EV-9BFACB119D: Peace of mind Apr 11 39 bridges We’ve been using THS for many trips abroad and nationally and almost without exception have had great peace of mind when we leave our dog and cat w... | EV-32BEDB7F57: Immediate Job Jan 17 Pat the Sitter The day I downloaded the app I applied for two jobs. I got them both. The app brings the sitter and home/pet owner together and allows for exce...
Wag,遛狗/看护服务,6,6,不想一直看监控(2)；安全焦虑(1),待人工复核(6),not_observed(6),App Store(6),app_review(6),中,解决主人无法陪伴和出门需求，间接竞争。,PawRoom 可提供状态感知和异常提醒，服务平台负责人工照护。,https://wagwalking.com/,EV-5A4F2CB3F0；EV-E10D90CEC7；EV-481C7CBEC9,"EV-5A4F2CB3F0: Great! But could use some small improvements May 27 Miss Brenna~ I love the opportunity to do dog walking on the side from my full time job and this app makes it very easy and saf... | EV-E10D90CEC7: Great app for walking dogs Jan 9 Bryso004 I’ve been a caregiver on this app for over 2 years and really enjoy the convenience of picking up walks/sittings/vetchats as my schedule... | EV-481C7CBEC9: Good for what it is Mar 14 dessenxe I do like this app, it’s a great way to earn side money! But they really need to fix the bugs. They’re still letting people book 2 walkers at o..."
PetPace,生命体征/健康监测项圈,5,4,生命状态趋势需求(5)；愿意为内容/情绪价值付费(2)；愿意为硬件付费(1)；安全焦虑(1)；设备不准(1),待人工复核(3)；订阅或价格敏感(1)；定位或提醒可信度不足(1),not_observed(3)；愿意为内容/情绪价值付费(2)；愿意为硬件付费(1),App Store(4)；Official(1),app_review(4)；official(1),高,生命体征、健康监测与 PawRoom 的生命状态趋势假设直接相关。,MVP 不做医疗级硬件；用公开/模拟生命状态数据验证用户是否需要办公时低干扰查看。,https://petpace.com/,EV-DE1BBEEFCE；EV-BC37BAE676；EV-AB0CBBB9FC,"EV-DE1BBEEFCE: Keep it simple! Jan 2 TCtronic I’ve been a PetPace user since its inception & find it to be an invaluable tool. The current app, however is frustrating, and it seems there is no l... | EV-BC37BAE676: Petpace is awesome! 08/09/2023 KogaAce Really helped me monitor the health of my dog has alerts and GPS in case she gets lost. Really good Petpace is awesome! 08/09/2023 KogaAce R... | EV-AB0CBBB9FC: Cornered the Market Jan 7 AppleSheep101 What PetPace provides is something very niche that not many other products can provide, while also being high quality + vet trusted. Yes th..."
Tractive,GPS定位与活动追踪,3,0,安全焦虑(2)；设备不准(2)；续航连接问题(1)；生命状态趋势需求(1),待人工复核(2)；续航/充电负担(1),subscription(2)；n/a(1),WIRED(2)；Official(1),expert_review(2)；official(1),高,定位、虚拟围栏、活动/睡眠追踪和安全提醒都与 PawRoom 的安全看护数据层重叠。,不与其硬拼定位硬件；优先证明 PawRoom 能把位置/活动数据变成低干扰桌面陪伴与状态理解。,https://tractive.com/en/pd/gps-tracker-dog,EV-C9B95B1AB4；EV-06A2B257A0；EV-DDBF6B9505,"EV-C9B95B1AB4: Review says the tracker gives location, activity, sleep goals, health alerts, virtual fences and location history, but outdoor searches can drain battery quickly. | EV-06A2B257A0: Home Assistant documents a Tractive integration, indicating smart-home middleware can expose pet tracker state to other automations. | EV-DDBF6B9505: Review notes virtual fence limitations around an apartment and broad location accuracy can reduce effectiveness for outdoor cats."
Fi,智能项圈/GPS与行为数据,2,0,设备不准(2)；生命状态趋势需求(1)；不想一直看监控(1),待人工复核(1)；定位或提醒可信度不足(1),subscription(1)；monthly subscription(1),The Verge(1)；WIRED(1),news(1)；expert_review(1),高,智能项圈品牌心智强，覆盖 GPS、活动、睡眠或健康相关数据入口。,把 Fi 类数据当作可接入上游，PawRoom 做跨设备的解释层和可爱化呈现层。,https://tryfi.com/,EV-5AE573F1F8；EV-7C7151F09D,"EV-5AE573F1F8: Review says Fi Mini provides real-time location and health data such as activity and sleep, but has limited safe-zone customization, less accurate GPS without nearby phone/base, a... | EV-7C7151F09D: Report says Fi Series 3 Plus detects barking, licking, scratching, eating and drinking changes with stated 80 percent accuracy, with app and Apple Watch access."
Whistle/Tractive,GPS定位与健康追踪,1,0,愿意为硬件付费(1),订阅或价格敏感(1),愿意为硬件付费(1)；subscription migration(1),The Verge(1),news(1),高,Whistle 被 Tractive 收购后代表成熟 GPS/健康追踪资产整合。,进一步说明 PawRoom 应做软件体验层，而不是独立重做硬件链条。,https://tractive.com/,EV-C3B22652A8,"EV-C3B22652A8: Report says Whistle devices would stop working after platform shutdown, pushing users to transition to Tractive and new subscription plans."
